Structure,Index,Name,Visible,Tagged,Visibility Locked,Color,Calculate Charges,Number of Atoms,Molecular Formula,Molecular Composition,Molecular Weight,Exact Mol. Weight,Net Formal Charge,supplier_code,zinc_id,catalog_short_name,database,ROCS_ShapeQuery,ROCS_TanimotoCombo,ROCS_ShapeTanimoto,ROCS_ColorTanimoto,ROCS_RefTversky,ROCS_RefColorTversky,ROCS_RefTverskyCombo,ROCS_FitTversky,ROCS_FitColorTversky,ROCS_FitTverskyCombo,ROCS_ScaledColor,ROCS_ComboScore,ROCS_ColorScore,ROCS_Overlap,ROCS_Rank,Gold.Version,Gold.Id.Protein,Gold.Chemscore.Fitness,Gold.Chemscore.DG,Gold.Chemscore.ZeroCoef,Gold.Chemscore.Hbond,Gold.Chemscore.Metal,Gold.Chemscore.Lipo,Gold.Chemscore.Internal_Hbond,Gold.Chemscore.DEClash,Gold.Chemscore.DEInternal,Gold.Chemscore.Rot,Gold.Chemscore.Internal.Correction,Gold.Chemscore.Hbonds,Gold.Chemscore.Hbond.Weighted,Gold.Chemscore.Metal.Weighted,Gold.Chemscore.Lipo.Weighted,Gold.Chemscore.Internal_Hbond.Weighted,Gold.Chemscore.DEClash.Weighted,Gold.Chemscore.DEInternal.Weighted,Gold.Chemscore.Rot.Weighted,Gold.Chemscore.Internal.Correction.Weighted
,1,ZINC000001530575_34|INPUT|sdf|1|dock8,true,false,false,255 255 255 255,false,49,C18 H27 N O3,"C: 0,708, H: 0,089, N: 0,046, O: 0,157",305.421,305.199,0,HMDB02227,ZINC000001530575,foodb,foodb,__prop-06|dock25__prop-01|dock20 (Edit #2),0.907,0.412,0.495,0.485,0.602,1.087,0.733,0.736,1.468,0.596,1.008,-5.958,691.629,1,5.4.0,6vw1-v1|6vw1-1-moe|mol2,31.4909,-33.9763,-5.48,3.3964,0,202.509,0,1.757,0.7284,2.5551,0.0997,"donor molecule, donor type, donor heavy atom, donor atom, acceptor molecule, acceptor atom, score
      L1  H    19    48       P1   258  0.56
      L1  H    21    49       P1 12000  1.00
      P1  H 12162 12163       L1    20  1.00
      P1  H 12027 12028       L1    22  0.83",-11.3439,-0,-23.6936,0,1.757,0.7284,6.5412,0.0997
,2,ZINC000004215541_9|INPUT|sdf|2|dock6,false,false,false,255 255 255 255,false,,,,,,,HMDB02902,ZINC000004215541,foodb,foodb,__prop-06|dock25__prop-01|dock20 (Edit #2),0.874,0.596,0.278,0.689,0.396,1.085,0.816,0.484,1.299,0.392,0.988,-3.917,992.453,2,5.4.0,6vw1-v1|6vw1-1-moe|mol2,30.1683,-40.3787,-5.48,0.7741,0,317.009,0,9.5193,0.6911,1.8659,0.2858,"donor molecule, donor type, donor heavy atom, donor atom, acceptor molecule, acceptor atom, score
      L1  H    29    75       P1 12148  0.77",-2.5854,-0,-37.09,0,9.5193,0.6911,4.7767,0.2858
,3,ZINC000012493536_0|INPUT|sdf|3|dock4,false,false,false,255 255 255 255,false,,,,,,,HMDB00388,ZINC000012493536,foodb,foodb,__prop-06|dock25__prop-01|dock20 (Edit #2),0.871,0.376,0.495,0.464,0.602,1.066,0.663,0.736,1.399,0.596,0.972,-5.962,663.017,3,5.4.0,6vw1-v1|6vw1-1-moe|mol2,20.5215,-22.9928,-5.48,2.5852,0,109.614,0,2.4713,0,1.5417,0,"donor molecule, donor type, donor heavy atom, donor atom, acceptor molecule, acceptor atom, score
      L1  H    21    49       P1 10620  0.97
      L1  H    22    50       P1   301  0.63
      P1  H  5942  5944       L1    20  0.98",-8.6346,-0,-12.8248,0,2.4713,0,3.9467,0
,4,ZINC000012493536_0|INPUT|sdf|4|dock9,false,false,false,255 255 255 255,false,,,,,,,HMDB00309,ZINC000012493536,foodb,foodb,__prop-06|dock25__prop-01|dock20 (Edit #2),0.871,0.376,0.495,0.464,0.602,1.066,0.663,0.736,1.399,0.596,0.972,-5.962,663.017,4,5.4.0,6vw1-v1|6vw1-1-moe|mol2,20.8928,-22.1709,-5.48,2.9691,0,91.6319,0,1.2781,0,1.5417,0,"donor molecule, donor type, donor heavy atom, donor atom, acceptor molecule, acceptor atom, score
      L1  H    21    49       P1 10631  1.00
      L1  H    22    50       P1   301  0.97
      P1  H 12162 12163       L1    20  1.00",-9.9166,-0,-10.7209,0,1.2781,0,3.9467,0
,5,ZINC000000968157_1|INPUT|sdf|5|dock9,false,false,false,255 255 255 255,false,,,,,,,HMDB00995,ZINC000000968157,foodb,foodb,__prop-06|dock25__prop-01|dock20 (Edit #2),0.855,0.375,0.48,0.471,0.53,1.001,0.646,0.837,1.483,0.519,0.894,-5.192,674.683,5,5.4.0,6vw1-v1|6vw1-1-moe|mol2,21.3669,-34.9556,-5.48,1.9144,0,197.277,0,12.6393,0.9495,0,0.1337,"donor molecule, donor type, donor heavy atom, donor atom, acceptor molecule, acceptor atom, score
      P1  H 10598 10599       L1    23  0.99
      P1  H 12027 12028       L1    22  0.92",-6.3942,-0,-23.0814,0,12.6393,0.9495,0,0.1337
,6,ZINC000003814431_4|INPUT|sdf|6|dock8,false,false,false,255 255 255 255,false,,,,,,,HMDB05830,ZINC000003814431,foodb,foodb,__prop-06|dock25__prop-01|dock20 (Edit #2),0.853,0.399,0.454,0.465,0.51,0.975,0.736,0.806,1.542,0.5,0.898,-4.996,662.524,6,5.4.0,6vw1-v1|6vw1-1-moe|mol2,21.8571,-29.3642,-5.48,0.9796,0,198.054,0,7.5071,0,1,0,"donor molecule, donor type, donor heavy atom, donor atom, acceptor molecule, acceptor atom, score
      L1  H    20    52       P1 12162  0.98",-3.2718,-0,-23.1723,0,7.5071,0,2.56,0
,7,ZINC000013827980_23|INPUT|sdf|7|dock2,false,false,false,255 255 255 255,false,,,,,,,HMDB00037,ZINC000013827980,foodb,foodb,__prop-06|dock25__prop-01|dock20 (Edit #2),0.851,0.478,0.373,0.588,0.567,1.155,0.72,0.521,1.24,0.57,1.048,-5.701,845.75,7,5.4.0,6vw1-v1|6vw1-1-moe|mol2,19.0648,-29.7883,-5.48,3.0402,0,184.927,0,9.0189,1.7046,2.9228,0.0276,"donor molecule, donor type, donor heavy atom, donor atom, acceptor molecule, acceptor atom, score
      L1  H    25    53       P1   301  1.00
      L1  H    26    54       P1   251  0.99
      P1  H 12027 12028       L1    24  0.86
      P1  H  5302  5305       L1    24  0.18",-10.1543,-0,-21.6364,0,9.0189,1.7046,7.4824,0.0276
,8,ZINC000004025846_0|INPUT|sdf|8|dock4,false,false,false,255 255 255 255,false,,,,,,,HMDB03955,ZINC000004025846,foodb,foodb,__prop-06|dock25__prop-01|dock20 (Edit #2),0.85,0.377,0.473,0.466,0.584,1.05,0.663,0.714,1.376,0.578,0.955,-5.782,665.886,8,5.4.0,6vw1-v1|6vw1-1-moe|mol2,17.6939,-19.1782,-5.48,2.9431,0,63.5849,0,1.2814,0.2029,1.395,0.0203,"donor molecule, donor type, donor heavy atom, donor atom, acceptor molecule, acceptor atom, score
      L1  H    22    48       P1  5837  1.00
      P1  H 10598 10599       L1    20  0.95
      P1  H   243   244       L1    21  0.99",-9.8299,-0,-7.4394,0,1.2814,0.2029,3.5712,0.0203
,9,ZINC000012496472_15|INPUT|sdf|9|dock2,false,false,false,255 255 255 255,false,,,,,,,HMDB04808,ZINC000012496472,foodb,foodb,__prop-06|dock25__prop-01|dock20 (Edit #2),0.849,0.381,0.468,0.468,0.58,1.048,0.672,0.709,1.381,0.574,0.955,-5.74,668.66,9,5.4.0,6vw1-v1|6vw1-1-moe|mol2,25.1792,-25.559,-5.48,3.8169,0,123.776,0,0.0979,0.2818,2.7934,0.0021,"donor molecule, donor type, donor heavy atom, donor atom, acceptor molecule, acceptor atom, score
      L1  H    22    40       P1 12000  0.99
      P1  H 11357 11358       L1    22  0.93
      P1  H 10598 10599       L1    20  0.94
      P1  H 12027 12028       L1    21  0.95",-12.7483,-0,-14.4818,0,0.0979,0.2818,7.1511,0.0021
,10,ZINC000008220551|INPUT|sdf|10|dock10,false,false,false,255 255 255 255,false,,,,,,,HMDB03236,ZINC000008220551,foodb,foodb,__prop-06|dock25__prop-01|dock20 (Edit #2),0.846,0.54,0.306,0.667,0.447,1.114,0.74,0.492,1.232,0.445,0.985,-4.451,963.594,10,5.4.0,6vw1-v1|6vw1-1-moe|mol2,24.4927,-39.1565,-5.48,0,0,309.714,0,14.6638,0,1,0,,-0,-0,-36.2365,0,14.6638,0,2.56,0
,11,ZINC000261496101_22|INPUT|sdf|11|dock7,false,false,false,255 255 255 255,false,,,,,,,HMDB06953,ZINC000261496101,foodb,foodb,__prop-06|dock25__prop-01|dock20 (Edit #2),0.833,0.626,0.208,0.674,0.419,1.094,0.896,0.291,1.188,0.43,1.055,-4.298,966.732,11,5.4.0,6vw1-v1|6vw1-1-moe|mol2,5.3041,-12.8023,-5.48,7.174,0,102.801,0,6.0836,1.4145,11.1978,0.8162,"donor molecule, donor type, donor heavy atom, donor atom, acceptor molecule, acceptor atom, score
      L1  H    15    39       P1 12000  0.90
      L1  H    16    40       P1   251  0.83
      L1  H    17    41       P1 12000  0.55
      L1  H    18    42       P1   251  0.33
      P1  H 11357 11358       L1    17  0.92
      P1  H 10598 10600       L1    19  0.95
      P1  H 12162 12163       L1    20  0.70
      P1  H   243   244       L1    12  1.00
      P1  H 12027 12028       L1    15  0.03
      P1  H  5942  5944       L1    13  0.96",-23.961,-0,-12.0277,0,6.0836,1.4145,28.6664,0.8162
,12,ZINC000261496103_22|INPUT|sdf|12|dock7,false,false,false,255 255 255 255,false,,,,,,,HMDB06953,ZINC000261496103,foodb,foodb,__prop-06|dock25__prop-01|dock20 (Edit #2),0.833,0.626,0.208,0.674,0.419,1.094,0.896,0.291,1.188,0.43,1.055,-4.298,966.732,12,5.4.0,6vw1-v1|6vw1-1-moe|mol2,4.3349,-9.55,-5.48,6.3869,0,97.4719,0,4.5697,0.6454,11.1978,0.6903,"donor molecule, donor type, donor heavy atom, donor atom, acceptor molecule, acceptor atom, score
      L1  H    15    39       P1 12000  0.83
      L1  H    16    40       P1   251  0.96
      L1  H    17    41       P1 12000  0.39
      L1  H    18    42       P1   251  0.58
      P1  H 11357 11358       L1    17  0.74
      P1  H 10598 10600       L1    19  0.95
      P1  H   259   260       L1    12  0.73
      P1  H 12162 12163       L1    20  0.48
      P1  H   243   244       L1    13  0.70
      P1  H 12027 12028       L1    15  0.03",-21.3322,-0,-11.4042,0,4.5697,0.6454,28.6664,0.6903
,13,ZINC000003780893_33|INPUT|sdf|13|dock8,false,false,false,255 255 255 255,false,,,,,,,HMDB05007,ZINC000003780893,foodb,foodb,__prop-06|dock25__prop-01|dock20 (Edit #2),0.831,0.549,0.282,0.675,0.42,1.095,0.747,0.461,1.208,0.418,0.967,-4.176,975.409,13,5.4.0,6vw1-v1|6vw1-1-moe|mol2,22.0624,-26.2412,-5.48,1.8933,0,173.006,0,2.4925,1.6862,2.2673,0.2271,"donor molecule, donor type, donor heavy atom, donor atom, acceptor molecule, acceptor atom, score
      P1  H 11357 11358       L1    29  0.90
      P1  H 10598 10601       L1    27  1.00",-6.3236,-0,-20.2417,0,2.4925,1.6862,5.8042,0.2271
,14,ZINC000006067693_2|INPUT|sdf|14|dock10,false,false,false,255 255 255 255,false,,,,,,,HMDB02697,ZINC000006067693,foodb,foodb,__prop-06|dock25__prop-01|dock20 (Edit #2),0.828,0.403,0.425,0.47,0.515,0.985,0.737,0.71,1.447,0.507,0.91,-5.074,669.91,14,5.4.0,6vw1-v1|6vw1-1-moe|mol2,23.5046,-30.77,-5.48,1.8805,0,184.353,0,7.2654,0,1,0,"donor molecule, donor type, donor heavy atom, donor atom, acceptor molecule, acceptor atom, score
      L1  H    20    48       P1 12000  0.95
      P1  H 11357 11358       L1    20  0.93",-6.2808,-0,-21.5693,0,7.2654,0,2.56,0
,15,ZINC000004654840_2|INPUT|sdf|15|dock9,false,false,false,255 255 255 255,false,,,,,,,HMDB04649,ZINC000004654840,foodb,foodb,__prop-06|dock25__prop-01|dock20 (Edit #2),0.814,0.539,0.275,0.675,0.392,1.067,0.728,0.48,1.208,0.388,0.928,-3.884,976.841,15,5.4.0,6vw1-v1|6vw1-1-moe|mol2,31.5503,-37.8697,-5.48,0.6394,0,296.268,0,3.5419,2.7774,1.7224,0.5082,"donor molecule, donor type, donor heavy atom, donor atom, acceptor molecule, acceptor atom, score
      P1  H   243   245       L1    31  0.64",-2.1357,-0,-34.6633,0,3.5419,2.7774,4.4093,0.5082
,16,ZINC000003833824_4|INPUT|sdf|16|dock3,false,false,false,255 255 255 255,false,,,,,,,HMDB00037,ZINC000003833824,foodb,foodb,__prop-06|dock25__prop-01|dock20 (Edit #2),0.811,0.495,0.316,0.602,0.502,1.104,0.736,0.461,1.197,0.504,1,-5.045,866.407,16,5.4.0,6vw1-v1|6vw1-1-moe|mol2,16.0164,-28.5347,-5.48,2.4021,0,192.428,0,11.2997,1.2187,2.9228,0.1945,"donor molecule, donor type, donor heavy atom, donor atom, acceptor molecule, acceptor atom, score
      L1  H    26    54       P1 12148  0.83
      P1  H 10598 10601       L1    23  0.87
      P1  H 12027 12028       L1    24  0.71",-8.023,-0,-22.5141,0,11.2997,1.2187,7.4824,0.1945
,17,ZINC000000083315_2|INPUT|sdf|17|dock9,false,false,false,255 255 255 255,false,,,,,,,HMDB00929,ZINC000000083315,foodb,foodb,__prop-06|dock25__prop-01|dock20 (Edit #2),0.811,0.392,0.42,0.423,0.537,0.961,0.839,0.657,1.496,0.532,0.924,-5.32,598.797,17,5.4.0,6vw1-v1|6vw1-1-moe|mol2,24.675,-26.6257,-5.48,3.2621,0,143.156,0,1.3706,0.58,2.5386,0.014,"donor molecule, donor type, donor heavy atom, donor atom, acceptor molecule, acceptor atom, score
      L1  H    12    24       P1   251  0.95
      L1  H    13    26       P1   301  0.98
      P1  H 10598 10599       L1    14  0.39
      P1  H 12162 12163       L1    14  0.93",-10.8953,-0,-16.7492,0,1.3706,0.58,6.4988,0.014
,18,ZINC000000105196_8|INPUT|sdf|18|dock7,false,false,false,255 255 255 255,false,,,,,,,HMDB00159,ZINC000000105196,foodb,foodb,__prop-06|dock25__prop-01|dock20 (Edit #2),0.81,0.303,0.507,0.325,0.549,0.874,0.819,0.868,1.687,0.538,0.841,-5.383,456.894,18,5.4.0,6vw1-v1|6vw1-1-moe|mol2,25.6302,-28.2425,-5.48,2.9703,0,162.465,0,2.5783,0.0341,2.4089,0.0112,"donor molecule, donor type, donor heavy atom, donor atom, acceptor molecule, acceptor atom, score
      L1  H    10    22       P1   251  0.97
      L1  H    12    23       P1 12000  0.99
      P1  H 11357 11358       L1    11  0.99
      P1  H 12027 12028       L1    12  0.01",-9.9209,-0,-19.0084,0,2.5783,0.0341,6.1668,0.0112
,19,ZINC000040164576_8|INPUT|sdf|19|dock1,false,false,false,255 255 255 255,false,,,,,,,HMDB07003,ZINC000040164576,foodb,foodb,__prop-06|dock25__prop-01|dock20 (Edit #2),0.809,0.446,0.363,0.534,0.41,0.944,0.73,0.761,1.491,0.399,0.845,-3.995,764.252,19,5.4.0,6vw1-v1|6vw1-1-moe|mol2,21.2448,-21.622,-5.48,1.8934,0,174.448,0,0.0459,0.3312,4.1377,0.4005,"donor molecule, donor type, donor heavy atom, donor atom, acceptor molecule, acceptor atom, score
      P1  H   259   260       L1    21  0.96
      P1  H 12162 12163       L1    20  0.93",-6.3241,-0,-20.4104,0,0.0459,0.3312,10.5925,0.4005
,20,ZINC000006067733_0|INPUT|sdf|20|dock7,false,false,false,255 255 255 255,false,,,,,,,HMDB00313,ZINC000006067733,foodb,foodb,__prop-06|dock25__prop-01|dock20 (Edit #2),0.806,0.407,0.399,0.487,0.545,1.032,0.713,0.599,1.311,0.542,0.949,-5.42,695.185,20,5.4.0,6vw1-v1|6vw1-1-moe|mol2,23.5723,-30.1389,-5.48,1.7096,0,195.842,0,6.5665,0,1.5488,0,"donor molecule, donor type, donor heavy atom, donor atom, acceptor molecule, acceptor atom, score
      L1  H    21    43       P1   301  0.13
      P1  H 12027 12028       L1    20  0.86
      P1  H  5942  5943       L1    21  0.62
      P1  H  5942  5944       L1    19  0.09",-5.7102,-0,-22.9135,0,6.5665,0,3.9649,0
,21,ZINC000012496764_9|INPUT|sdf|21|dock1,false,false,false,255 255 255 255,false,,,,,,,HMDB06216,ZINC000012496764,foodb,foodb,__prop-06|dock25__prop-01|dock20 (Edit #2),0.802,0.482,0.32,0.529,0.396,0.925,0.844,0.626,1.471,0.388,0.87,-3.883,752.574,21,5.4.0,6vw1-v1|6vw1-1-moe|mol2,28.4971,-33.6718,-5.48,0.9592,0,243.112,0,3.9442,1.2304,1.35,1.1285,"donor molecule, donor type, donor heavy atom, donor atom, acceptor molecule, acceptor atom, score
      L1  H    21    51       P1 12148  0.96",-3.2036,-0,-28.4441,0,3.9442,1.2304,3.456,1.1285
,22,ZINC000004063366_3|INPUT|sdf|22|dock7,false,false,false,255 255 255 255,false,,,,,,,HMDB06768,ZINC000004063366,foodb,foodb,__prop-06|dock25__prop-01|dock20 (Edit #2),0.798,0.359,0.439,0.451,0.526,0.978,0.638,0.725,1.363,0.518,0.878,-5.183,645.447,22,5.4.0,6vw1-v1|6vw1-1-moe|mol2,19.2659,-23.741,-5.48,3.539,0,76.9295,0,4.4519,0.0231,1,0.0024,"donor molecule, donor type, donor heavy atom, donor atom, acceptor molecule, acceptor atom, score
      P1  H 10598 10601       L1    22  0.99
      P1  H 12162 12163       L1    21  0.86
      P1  H  5942  5943       L1    21  0.69
      P1  H 10687 10689       L1    20  1.00",-11.8202,-0,-9.0007,0,4.4519,0.0231,2.56,0.0024
,23,ZINC000035024346_33|INPUT|sdf|23|dock8,false,false,false,255 255 255 255,false,,,,,,,HMDB00030,ZINC000035024346,foodb,foodb,__prop-06|dock25__prop-01|dock20 (Edit #2),0.797,0.381,0.417,0.415,0.535,0.949,0.823,0.654,1.476,0.529,0.91,-5.294,586.162,23,5.4.0,6vw1-v1|6vw1-1-moe|mol2,20.1921,-22.5408,-5.48,3.9122,0,116.786,0,1.9126,0.4361,3.7773,0.005,"donor molecule, donor type, donor heavy atom, donor atom, acceptor molecule, acceptor atom, score
      L1  H    12    30       P1   251  0.86
      L1  H    14    31       P1   251  0.86
      P1  H 10598 10599       L1    13  0.51
      P1  H 12162 12163       L1    13  0.95
      P1  H  5302  5305       L1    11  0.72",-13.0667,-0,-13.6639,0,1.9126,0.4361,9.6698,0.005
,24,ZINC000261496197_2|INPUT|sdf|24|dock6,false,false,false,255 255 255 255,false,,,,,,,HMDB06886,ZINC000261496197,foodb,foodb,__prop-06|dock25__prop-01|dock20 (Edit #2),0.797,0.444,0.353,0.583,0.568,1.151,0.651,0.482,1.133,0.574,1.018,-5.736,842.52,24,5.4.0,6vw1-v1|6vw1-1-moe|mol2,21.0607,-28.9886,-5.48,0.7058,0,227.203,0,5.6075,2.3205,2.1216,0.2261,"donor molecule, donor type, donor heavy atom, donor atom, acceptor molecule, acceptor atom, score
      L1  H    30    76       P1   301  0.71",-2.3573,-0,-26.5828,0,5.6075,2.3205,5.4314,0.2261
,25,ZINC000001532132_30|INPUT|sdf|25|dock5,false,false,false,255 255 255 255,false,,,,,,,HMDB01894,ZINC000001532132,foodb,foodb,__prop-06|dock25__prop-01|dock20 (Edit #2),0.797,0.463,0.334,0.524,0.479,1.002,0.799,0.526,1.325,0.476,0.939,-4.762,746.42,25,5.4.0,6vw1-v1|6vw1-1-moe|mol2,19.5503,-25.937,-5.48,2.7548,0,191.692,0,5.8327,0.5539,4.3641,0.3281,"donor molecule, donor type, donor heavy atom, donor atom, acceptor molecule, acceptor atom, score
      L1  H    16    38       P1   258  0.90
      P1  H 11357 11358       L1    19  0.89
      P1  H 10598 10599       L1    17  0.04
      P1  H 12162 12163       L1    17  0.92",-9.201,-0,-22.428,0,5.8327,0.5539,11.172,0.3281
,26,ZINC000003645672_31|INPUT|sdf|26|dock6,false,false,false,255 255 255 255,false,,,,,,,HMDB00706,ZINC000003645672,foodb,foodb,__prop-06|dock25__prop-01|dock20 (Edit #2),0.793,0.492,0.302,0.536,0.484,1.02,0.857,0.445,1.301,0.487,0.978,-4.867,762.652,26,5.4.0,6vw1-v1|6vw1-1-moe|mol2,22.9218,-27.3683,-5.48,4.4774,0,173.419,0,2.3802,2.0663,5.2173,0.0585,"donor molecule, donor type, donor heavy atom, donor atom, acceptor molecule, acceptor atom, score
      L1  H    15    34       P1   258  0.85
      L1  H    19    35       P1   301  0.96
      L1  H    20    36       P1   251  0.99
      P1  H 11357 11358       L1    18  0.74
      P1  H 10598 10600       L1    16  0.12
      P1  H 12162 12163       L1    16  0.82",-14.9545,-0,-20.2901,0,2.3802,2.0663,13.3563,0.0585
,27,ZINC000040164588_18|INPUT|sdf|27|dock1,false,false,false,255 255 255 255,false,,,,,,,HMDB07006,ZINC000040164588,foodb,foodb,__prop-06|dock25__prop-01|dock20 (Edit #2),0.793,0.429,0.364,0.536,0.41,0.946,0.684,0.762,1.445,0.4,0.829,-3.999,769.418,27,5.4.0,6vw1-v1|6vw1-1-moe|mol2,21.6962,-24.7041,-5.48,2.6897,0,179.389,0,1.7581,1.2498,4.1985,0.5193,"donor molecule, donor type, donor heavy atom, donor atom, acceptor molecule, acceptor atom, score
      L1  H    26    67       P1 10631  0.94
      P1  H 12162 12163       L1    22  0.93
      P1  H 10687 10689       L1    23  0.81",-8.9836,-0,-20.9885,0,1.7581,1.2498,10.748,0.5193
,28,ZINC000261495944_22|INPUT|sdf|28|dock7,false,false,false,255 255 255 255,false,,,,,,,HMDB00330,ZINC000261495944,foodb,foodb,__prop-06|dock25__prop-01|dock20 (Edit #2),0.791,0.462,0.329,0.593,0.583,1.176,0.676,0.431,1.107,0.595,1.056,-5.946,855.936,28,5.4.0,6vw1-v1|6vw1-1-moe|mol2,11.0825,-35.2682,-5.48,2.9399,0,260.549,0,22.3511,1.8345,4.1076,0.4005,"donor molecule, donor type, donor heavy atom, donor atom, acceptor molecule, acceptor atom, score
      L1  H    27    67       P1   251  0.97
      P1  H   243   244       L1    25  1.00
      P1  H  5302  5305       L1    29  0.97",-9.8194,-0,-30.4842,0,22.3511,1.8345,10.5154,0.4005
,29,ZINC000261496102_19|INPUT|sdf|29|dock4,false,false,false,255 255 255 255,false,,,,,,,HMDB06953,ZINC000261496102,foodb,foodb,__prop-06|dock25__prop-01|dock20 (Edit #2),0.791,0.625,0.166,0.674,0.347,1.021,0.896,0.241,1.137,0.355,0.98,-3.552,965.913,29,5.4.0,6vw1-v1|6vw1-1-moe|mol2,3.3324,-8.6201,-5.48,5.93,0,102.566,0,3.9118,1.3759,11.1978,0.9858,"donor molecule, donor type, donor heavy atom, donor atom, acceptor molecule, acceptor atom, score
      L1  H    17    41       P1   251  0.12
      L1  H    20    44       P1   301  0.97
      P1  H 10598 10599       L1    14  0.07
      P1  H 10598 10601       L1    18  0.90
      P1  H 12162 12163       L1    14  0.97
      P1  H   243   244       L1    12  0.99
      P1  H 12027 12028       L1    16  0.86
      P1  H  5942  5944       L1    13  0.81
      P1  H  5302  5305       L1    15  0.23",-19.8063,-0,-12.0002,0,3.9118,1.3759,28.6664,0.9858
,30,ZINC000261496104_19|INPUT|sdf|30|dock8,false,false,false,255 255 255 255,false,,,,,,,HMDB06953,ZINC000261496104,foodb,foodb,__prop-06|dock25__prop-01|dock20 (Edit #2),0.791,0.625,0.166,0.674,0.347,1.021,0.896,0.241,1.137,0.355,0.98,-3.552,965.913,30,5.4.0,6vw1-v1|6vw1-1-moe|mol2,4.056,-9.3372,-5.48,6.0967,0,103.938,0,3.2605,2.0206,11.1978,0.6205,"donor molecule, donor type, donor heavy atom, donor atom, acceptor molecule, acceptor atom, score
      L1  H    15    39       P1 12000  0.61
      L1  H    16    40       P1   251  0.98
      L1  H    18    42       P1   251  0.65
      L1  H    20    44       P1 12162  0.78
      P1  H 10598 10599       L1    19  0.52
      P1  H 10598 10601       L1    14  0.54
      P1  H   243   244       L1    12  0.92
      P1  H 12027 12028       L1    15  0.42
      P1  H  5942  5944       L1    13  0.67",-20.3628,-0,-12.1608,0,3.2605,2.0206,28.6664,0.6205
,31,ZINC000003831330_15|INPUT|sdf|31|dock3,false,false,false,255 255 255 255,false,,,,,,,HMDB03555,ZINC000003831330,foodb,foodb,__prop-06|dock25__prop-01|dock20 (Edit #2),0.79,0.515,0.274,0.665,0.392,1.056,0.696,0.479,1.175,0.388,0.903,-3.877,963.26,31,5.4.0,6vw1-v1|6vw1-1-moe|mol2,32.5578,-35.9113,-5.48,1.8033,0,244.88,0,0.5117,2.8418,1.6572,0.5886,"donor molecule, donor type, donor heavy atom, donor atom, acceptor molecule, acceptor atom, score
      P1  H 10598 10601       L1    33  0.82
      P1  H 12162 12163       L1    33  0.98",-6.023,-0,-28.6509,0,0.5117,2.8418,4.2425,0.5886
,32,ZINC000003831332_3|INPUT|sdf|32|dock2,false,false,false,255 255 255 255,false,,,,,,,HMDB04198,ZINC000003831332,foodb,foodb,__prop-06|dock25__prop-01|dock20 (Edit #2),0.789,0.514,0.275,0.663,0.392,1.055,0.696,0.479,1.175,0.388,0.902,-3.88,960.642,32,5.4.0,6vw1-v1|6vw1-1-moe|mol2,30.2119,-33.3779,-5.48,0.9869,0,246.532,0,1.6029,1.5632,1.6572,0.5291,"donor molecule, donor type, donor heavy atom, donor atom, acceptor molecule, acceptor atom, score
      P1  H 10598 10601       L1    33  0.99",-3.2962,-0,-28.8443,0,1.6029,1.5632,4.2425,0.5291
,33,ZINC000003831332_3|INPUT|sdf|33|dock3,false,false,false,255 255 255 255,false,,,,,,,HMDB03555,ZINC000003831332,foodb,foodb,__prop-06|dock25__prop-01|dock20 (Edit #2),0.789,0.514,0.275,0.663,0.392,1.055,0.696,0.479,1.175,0.388,0.902,-3.88,960.642,33,5.4.0,6vw1-v1|6vw1-1-moe|mol2,31.6667,-36.5405,-5.48,1.3794,0,262.357,0,2.219,2.6548,1.6572,0.5541,"donor molecule, donor type, donor heavy atom, donor atom, acceptor molecule, acceptor atom, score
      P1  H 12162 12163       L1    33  0.68
      P1  H  5942  5944       L1    33  0.70",-4.6074,-0,-30.6957,0,2.219,2.6548,4.2425,0.5541
,34,ZINC000030729909_13|INPUT|sdf|34|dock9,false,false,false,255 255 255 255,false,,,,,,,HMDB00981,ZINC000030729909,foodb,foodb,__prop-06|dock25__prop-01|dock20 (Edit #2),0.787,0.502,0.285,0.626,0.403,1.03,0.717,0.493,1.21,0.399,0.902,-3.992,903.804,34,5.4.0,6vw1-v1|6vw1-1-moe|mol2,20.4688,-35.1295,-5.48,0,0,276.459,0,11.5705,3.0903,1.0532,0.224,,-0,-0,-32.3457,0,11.5705,3.0903,2.6962,0.224
,35,ZINC000012496510_5|INPUT|sdf|35|dock10,false,false,false,255 255 255 255,false,,,,,,,HMDB05036,ZINC000012496510,foodb,foodb,__prop-06|dock25__prop-01|dock20 (Edit #2),0.784,0.516,0.268,0.697,0.404,1.101,0.665,0.444,1.109,0.402,0.918,-4.017,1015.45,35,5.4.0,6vw1-v1|6vw1-1-moe|mol2,13.7346,-15.1041,-5.48,1.9698,0,77.0539,0,0.0285,1.341,2.3321,4.9643,"donor molecule, donor type, donor heavy atom, donor atom, acceptor molecule, acceptor atom, score
      P1  H 10598 10600       L1    27  0.99
      P1  H   259   260       L1    29  0.98",-6.5791,-0,-9.0153,0,0.0285,1.341,5.9703,4.9643
,36,ZINC000004655105_1|INPUT|sdf|36|dock10,false,false,false,255 255 255 255,false,,,,,,,HMDB00372,ZINC000004655105,foodb,foodb,__prop-06|dock25__prop-01|dock20 (Edit #2),0.784,0.356,0.428,0.442,0.545,0.987,0.644,0.666,1.31,0.539,0.895,-5.395,631.928,36,5.4.0,6vw1-v1|6vw1-1-moe|mol2,19.6034,-19.7531,-5.48,1.951,0,88.177,0,0.1497,0,1,0,"donor molecule, donor type, donor heavy atom, donor atom, acceptor molecule, acceptor atom, score
      P1  H 10598 10600       L1    19  0.96
      P1  H 12162 12163       L1    20  0.99",-6.5164,-0,-10.3167,0,0.1497,0,2.56,0
,37,ZINC000261499414_5|INPUT|sdf|37|dock9,false,false,false,255 255 255 255,false,,,,,,,HMDB06753,ZINC000261499414,foodb,foodb,__prop-06|dock25__prop-01|dock20 (Edit #2),0.783,0.47,0.313,0.577,0.519,1.096,0.716,0.441,1.157,0.524,0.994,-5.243,829.399,37,5.4.0,6vw1-v1|6vw1-1-moe|mol2,19.7281,-31.2222,-5.48,3.293,0,201.738,0,10.2468,1.2473,3.4609,0.0182,"donor molecule, donor type, donor heavy atom, donor atom, acceptor molecule, acceptor atom, score
      L1  H    24    56       P1 12000  1.00
      P1  H 11357 11358       L1    24  0.94
      P1  H 10598 10599       L1    25  0.21
      P1  H   259   260       L1    26  0.42
      P1  H 12162 12163       L1    22  0.72",-10.9988,-0,-23.6033,0,10.2468,1.2473,8.8598,0.0182
,38,ZINC000040164527_1|INPUT|sdf|38|dock6,false,false,false,255 255 255 255,false,,,,,,,HMDB06754,ZINC000040164527,foodb,foodb,__prop-06|dock25__prop-01|dock20 (Edit #2),0.782,0.425,0.357,0.539,0.573,1.113,0.667,0.487,1.153,0.579,1.004,-5.791,775.336,38,5.4.0,6vw1-v1|6vw1-1-moe|mol2,19.6143,-29.5387,-5.48,3.4661,0,182.408,0,8.6552,1.2692,3.4609,0.3495,"donor molecule, donor type, donor heavy atom, donor atom, acceptor molecule, acceptor atom, score
      L1  H    24    56       P1  5837  0.81
      P1  H 10598 10601       L1    22  0.90
      P1  H 12162 12163       L1    25  0.04
      P1  H 12027 12028       L1    23  0.94
      P1  H  5942  5944       L1    24  0.78",-11.5767,-0,-21.3418,0,8.6552,1.2692,8.8598,0.3495
,39,ZINC000040164525_1|INPUT|sdf|39|dock9,false,false,false,255 255 255 255,false,,,,,,,HMDB06754,ZINC000040164525,foodb,foodb,__prop-06|dock25__prop-01|dock20 (Edit #2),0.782,0.425,0.357,0.539,0.573,1.113,0.667,0.487,1.153,0.579,1.004,-5.791,775.336,39,5.4.0,6vw1-v1|6vw1-1-moe|mol2,19.7383,-28.6303,-5.48,3.2567,0,180.621,0,7.8683,1.0237,3.4609,0.3452,"donor molecule, donor type, donor heavy atom, donor atom, acceptor molecule, acceptor atom, score
      L1  H    24    56       P1  5837  0.89
      L1  H    25    57       P1 12162  0.03
      P1  H 10598 10600       L1    22  0.85
      P1  H 12027 12028       L1    23  0.72
      P1  H  5942  5944       L1    24  0.76",-10.8774,-0,-21.1327,0,7.8683,1.0237,8.8598,0.3452
,40,ZINC000013540213_3|INPUT|sdf|40|dock1,false,false,false,255 255 255 255,false,,,,,,,HMDB03175,ZINC000013540213,foodb,foodb,__prop-06|dock25__prop-01|dock20 (Edit #2),0.781,0.55,0.232,0.614,0.393,1.007,0.84,0.361,1.2,0.395,0.945,-3.951,879.36,40,5.4.0,6vw1-v1|6vw1-1-moe|mol2,27.3113,-30.6773,-5.48,4.3452,0,185.13,0,2.5158,0.8502,4.2875,0.3266,"donor molecule, donor type, donor heavy atom, donor atom, acceptor molecule, acceptor atom, score
      L1  H    24    54       P1 10631  1.00
      L1  H    25    55       P1   237  0.85
      P1  H 11357 11358       L1    22  0.79
      P1  H 10598 10599       L1    23  1.00
      P1  H 10598 10600       L1    22  0.71",-14.513,-0,-21.6602,0,2.5158,0.8502,10.9759,0.3266
,41,ZINC000004063369_2|INPUT|sdf|41|dock3,false,false,false,255 255 255 255,false,,,,,,,HMDB06768,ZINC000004063369,foodb,foodb,__prop-06|dock25__prop-01|dock20 (Edit #2),0.778,0.472,0.306,0.547,0.405,0.952,0.773,0.558,1.331,0.399,0.87,-3.987,782.495,41,5.4.0,6vw1-v1|6vw1-1-moe|mol2,16.8086,-20.8263,-5.48,2.3815,0,85.0616,0,3.7047,0.313,1,0.0021,"donor molecule, donor type, donor heavy atom, donor atom, acceptor molecule, acceptor atom, score
      P1  H  5942  5944       L1    22  0.88
      P1  H  5863  5864       L1    20  0.96
      P1  H 10687 10689       L1    21  0.54",-7.9541,-0,-9.9522,0,3.7047,0.313,2.56,0.0021
,42,ZINC000013515304_17|INPUT|sdf|42|dock5,false,false,false,255 255 255 255,false,,,,,,,HMDB10322,ZINC000013515304,foodb,foodb,__prop-06|dock25__prop-01|dock20 (Edit #2),0.778,0.665,0.113,0.799,0.273,1.072,0.799,0.161,0.96,0.284,0.949,-2.84,1160.35,42,5.4.0,6vw1-v1|6vw1-1-moe|mol2,17.3366,-37.8818,-5.48,3.6291,0,278.519,0,19.6143,0.9308,4.8071,0.0048,"donor molecule, donor type, donor heavy atom, donor atom, acceptor molecule, acceptor atom, score
      L1  H    28    61       P1 12033  0.83
      L1  H    30    63       P1 10631  0.99
      L1  H    31    64       P1 10631  1.00
      P1  H 10598 10600       L1    31  0.81",-12.1211,-0,-32.5867,0,19.6143,0.9308,12.306,0.0048
,43,ZINC000040164528_5|INPUT|sdf|43|dock4,false,false,false,255 255 255 255,false,,,,,,,HMDB06755,ZINC000040164528,foodb,foodb,__prop-06|dock25__prop-01|dock20 (Edit #2),0.777,0.566,0.211,0.643,0.348,0.992,0.826,0.348,1.174,0.348,0.915,-3.484,923.16,43,5.4.0,6vw1-v1|6vw1-1-moe|mol2,24.4817,-36.9748,-5.48,3.6345,0,215.086,0,11.7373,0.7558,2.2694,0.0015,"donor molecule, donor type, donor heavy atom, donor atom, acceptor molecule, acceptor atom, score
      L1  H    24    56       P1 12000  1.00
      L1  H    25    57       P1  5837  0.99
      P1  H 11357 11358       L1    24  0.94
      P1  H 10598 10601       L1    22  0.71",-12.1394,-0,-25.165,0,11.7373,0.7558,5.8096,0.0015
,44,ZINC000003881614_2|INPUT|sdf|44|dock4,false,false,false,255 255 255 255,false,,,,,,,HMDB00920,ZINC000003881614,foodb,foodb,__prop-06|dock25__prop-01|dock20 (Edit #2),0.775,0.511,0.264,0.593,0.38,0.973,0.787,0.464,1.251,0.376,0.887,-3.758,850.618,44,5.4.0,6vw1-v1|6vw1-1-moe|mol2,22.7243,-34.1529,-5.48,1.8266,0,222.975,0,9.7609,1.6677,1.3734,0,"donor molecule, donor type, donor heavy atom, donor atom, acceptor molecule, acceptor atom, score
      L1  H    24    54       P1   301  0.65
      P1  H 12027 12028       L1    23  0.42
      P1  H  5302  5305       L1    23  0.76",-6.1007,-0,-26.088,0,9.7609,1.6677,3.5159,0
,45,ZINC000261496828_15|INPUT|sdf|45|dock4,false,false,false,255 255 255 255,false,,,,,,,HMDB02972,ZINC000261496828,foodb,foodb,__prop-06|dock25__prop-01|dock20 (Edit #2),0.774,0.54,0.234,0.697,0.38,1.077,0.706,0.38,1.085,0.38,0.92,-3.799,1012.17,45,5.4.0,6vw1-v1|6vw1-1-moe|mol2,31.6987,-38.3149,-5.48,0.9213,0,293.682,0,6.0644,0.5518,1.798,0.8428,"donor molecule, donor type, donor heavy atom, donor atom, acceptor molecule, acceptor atom, score
      P1  H 10598 10600       L1    33  0.92",-3.0771,-0,-34.3608,0,6.0644,0.5518,4.603,0.8428
,46,ZINC000040164519_42|INPUT|sdf|46|dock1,false,false,false,255 255 255 255,false,,,,,,,HMDB06722,ZINC000040164519,foodb,foodb,__prop-06|dock25__prop-01|dock20 (Edit #2),0.774,0.388,0.386,0.52,0.557,1.077,0.605,0.557,1.161,0.557,0.945,-5.566,750.068,46,5.4.0,6vw1-v1|6vw1-1-moe|mol2,28.7572,-39.8984,-5.48,1.7344,0,293.34,0,9.057,2.0843,2.2247,0.8035,"donor molecule, donor type, donor heavy atom, donor atom, acceptor molecule, acceptor atom, score
      L1  H    29    73       P1   277  0.79
      P1  H 12162 12163       L1    28  0.94",-5.793,-0,-34.3207,0,9.057,2.0843,5.6954,0.8035
,47,ZINC000004096766_3|INPUT|sdf|47|dock2,false,false,false,255 255 255 255,false,,,,,,,HMDB06756,ZINC000004096766,foodb,foodb,__prop-06|dock25__prop-01|dock20 (Edit #2),0.773,0.549,0.225,0.631,0.35,0.981,0.808,0.385,1.193,0.349,0.897,-3.486,906.038,47,5.4.0,6vw1-v1|6vw1-1-moe|mol2,18.9961,-30.1684,-5.48,2.0442,0,191.223,0,11.1723,0,1.7627,0.0015,"donor molecule, donor type, donor heavy atom, donor atom, acceptor molecule, acceptor atom, score
      P1  H 12162 12163       L1    23  1.00
      P1  H 12027 12028       L1    22  0.85
      P1  H  5302  5305       L1    22  0.20",-6.8277,-0,-22.3731,0,11.1723,0,4.5124,0.0015
,48,ZINC000031415830_36|INPUT|sdf|48|dock7,false,false,false,255 255 255 255,false,,,,,,,HMDB10315,ZINC000031415830,foodb,foodb,__prop-06|dock25__prop-01|dock20 (Edit #2),0.773,0.569,0.203,0.745,0.455,1.2,0.707,0.269,0.976,0.473,1.042,-4.732,1085.32,48,5.4.0,6vw1-v1|6vw1-1-moe|mol2,16.0074,-17.0278,-5.48,3.7494,0,85.1617,0,0.2107,0.8097,4.2731,0.0579,"donor molecule, donor type, donor heavy atom, donor atom, acceptor molecule, acceptor atom, score
      L1  H    32    67       P1   301  1.00
      L1  H    33    68       P1   301  0.98
      P1  H 10598 10599       L1    26  0.80
      P1  H   243   244       L1    28  0.97",-12.523,-0,-9.9639,0,0.2107,0.8097,10.9391,0.0579
,49,ZINC000003831331_6|INPUT|sdf|49|dock9,false,false,false,255 255 255 255,false,,,,,,,HMDB03555,ZINC000003831331,foodb,foodb,__prop-06|dock25__prop-01|dock20 (Edit #2),0.772,0.497,0.275,0.649,0.392,1.04,0.681,0.479,1.16,0.388,0.885,-3.88,939.992,49,5.4.0,6vw1-v1|6vw1-1-moe|mol2,31.8887,-34.7636,-5.48,0.9077,0,260.637,0,2.1075,0.7674,1.6572,0.4493,"donor molecule, donor type, donor heavy atom, donor atom, acceptor molecule, acceptor atom, score
      P1  H 12004 12005       L1    33  0.91",-3.0317,-0,-30.4945,0,2.1075,0.7674,4.2425,0.4493
,50,ZINC000100046977_22|INPUT|sdf|50|dock10,false,false,false,255 255 255 255,false,,,,,,,HMDB02972,ZINC000100046977,foodb,foodb,__prop-06|dock25__prop-01|dock20 (Edit #2),0.771,0.536,0.235,0.694,0.381,1.075,0.701,0.381,1.082,0.381,0.917,-3.809,1008.38,50,5.4.0,6vw1-v1|6vw1-1-moe|mol2,33.7915,-36.2662,-5.48,1.9367,0,247.186,0,1.4967,0.9779,1.798,0.853,"donor molecule, donor type, donor heavy atom, donor atom, acceptor molecule, acceptor atom, score
      P1  H 10598 10599       L1    34  0.97
      P1  H 12162 12163       L1    33  0.97",-6.4685,-0,-28.9207,0,1.4967,0.9779,4.603,0.853
,51,ZINC000003870195_2|INPUT|sdf|51|dock6,false,false,false,255 255 255 255,false,,,,,,,HMDB02152,ZINC000003870195,foodb,foodb,__prop-06|dock25__prop-01|dock20 (Edit #2),0.77,0.415,0.356,0.477,0.403,0.881,0.759,0.749,1.508,0.393,0.808,-3.934,679.694,51,5.4.0,6vw1-v1|6vw1-1-moe|mol2,30.6525,-37.7808,-5.48,0.988,0,247.87,0,6.779,0.3493,0,0.9025,"donor molecule, donor type, donor heavy atom, donor atom, acceptor molecule, acceptor atom, score
      P1  H 12162 12163       L1    21  0.99",-3.3,-0,-29.0008,0,6.779,0.3493,0,0.9025
,52,ZINC000261496827_7|INPUT|sdf|52|dock1,false,false,false,255 255 255 255,false,,,,,,,HMDB02972,ZINC000261496827,foodb,foodb,__prop-06|dock25__prop-01|dock20 (Edit #2),0.77,0.536,0.234,0.694,0.38,1.074,0.701,0.38,1.081,0.38,0.915,-3.798,1007.73,52,5.4.0,6vw1-v1|6vw1-1-moe|mol2,38.2697,-45.291,-5.48,2.0309,0,321.631,0,6.0352,0.986,1.798,0.9827,"donor molecule, donor type, donor heavy atom, donor atom, acceptor molecule, acceptor atom, score
      P1  H 11357 11358       L1    34  0.46
      P1  H 10598 10600       L1    33  0.83
      P1  H 12027 12028       L1    32  0.03
      P1  H  5302  5305       L1    32  0.71",-6.7832,-0,-37.6309,0,6.0352,0.986,4.603,0.9827
,53,ZINC000005766380_48|INPUT|sdf|53|dock4,false,false,false,255 255 255 255,false,,,,,,,HMDB05796,ZINC000005766380,foodb,foodb,__prop-06|dock25__prop-01|dock20 (Edit #2),0.769,0.574,0.194,0.624,0.383,1.007,0.878,0.283,1.161,0.391,0.965,-3.906,892.419,53,5.4.0,6vw1-v1|6vw1-1-moe|mol2,18.4074,-26.0929,-5.48,3.2817,0,170.835,0,6.2758,1.4096,4.0373,0.5501,"donor molecule, donor type, donor heavy atom, donor atom, acceptor molecule, acceptor atom, score
      L1  H    21    48       P1   301  0.98
      P1  H 10598 10601       L1    22  0.94
      P1  H  5942  5944       L1    20  0.43
      P1  H  5302  5305       L1    17  0.93",-10.9607,-0,-19.9877,0,6.2758,1.4096,10.3356,0.5501
,54,ZINC000085551921_2|INPUT|sdf|54|dock8,false,false,false,255 255 255 255,false,,,,,,,HMDB00478,ZINC000085551921,foodb,foodb,__prop-06|dock25__prop-01|dock20 (Edit #2),0.769,0.552,0.217,0.658,0.388,1.046,0.774,0.329,1.104,0.392,0.944,-3.918,947.813,54,5.4.0,6vw1-v1|6vw1-1-moe|mol2,23.4542,-34.8553,-5.48,3.7598,0,219.71,0,9.8131,1.588,3.4721,0.0143,"donor molecule, donor type, donor heavy atom, donor atom, acceptor molecule, acceptor atom, score
      L1  H    26    66       P1 10631  0.93
      L1  H    27    67       P1 12000  0.99
      P1  H 11357 11358       L1    27  0.96
      P1  H 10598 10601       L1    26  0.88",-12.5577,-0,-25.706,0,9.8131,1.588,8.8884,0.0143
,55,ZINC000040164587_14|INPUT|sdf|55|dock9,false,false,false,255 255 255 255,false,,,,,,,HMDB07006,ZINC000040164587,foodb,foodb,__prop-06|dock25__prop-01|dock20 (Edit #2),0.767,0.441,0.326,0.546,0.379,0.924,0.697,0.703,1.4,0.369,0.81,-3.692,783.689,55,5.4.0,6vw1-v1|6vw1-1-moe|mol2,23.7739,-24.5545,-5.48,1.9498,0,199.234,0,0.2104,0.5702,4.1985,0.3179,"donor molecule, donor type, donor heavy atom, donor atom, acceptor molecule, acceptor atom, score
      L1  H    26    67       P1 10631  0.99
      P1  H 10598 10599       L1    23  0.96",-6.5122,-0,-23.3104,0,0.2104,0.5702,10.748,0.3179
,56,ZINC000150374455_43|INPUT|sdf|56|dock10,false,false,false,255 255 255 255,false,,,,,,,HMDB10317,ZINC000150374455,foodb,foodb,__prop-06|dock25__prop-01|dock20 (Edit #2),0.767,0.607,0.161,0.755,0.373,1.127,0.756,0.22,0.976,0.388,0.994,-3.877,1096.46,56,5.4.0,6vw1-v1|6vw1-1-moe|mol2,19.9196,-28.3986,-5.48,3.5783,0,198.914,0,8.1421,0.3369,4.8071,0.1686,"donor molecule, donor type, donor heavy atom, donor atom, acceptor molecule, acceptor atom, score
      L1  H    27    60       P1 12000  0.85
      L1  H    29    62       P1 10631  0.90
      P1  H 10598 10601       L1    28  0.98
      P1  H 12027 12028       L1    27  0.38
      P1  H 10687 10689       L1    29  0.48",-11.9517,-0,-23.2729,0,8.1421,0.3369,12.306,0.1686
,57,ZINC000004654839_6|INPUT|sdf|57|dock5,false,false,false,255 255 255 255,false,,,,,,,HMDB04649,ZINC000004654839,foodb,foodb,__prop-06|dock25__prop-01|dock20 (Edit #2),0.767,0.492,0.275,0.635,0.392,1.027,0.686,0.479,1.165,0.388,0.88,-3.883,918.243,57,5.4.0,6vw1-v1|6vw1-1-moe|mol2,30.4117,-31.9326,-5.48,0.865,0,239.084,0,1.2075,0.3134,1.7224,0.433,"donor molecule, donor type, donor heavy atom, donor atom, acceptor molecule, acceptor atom, score
      P1  H   243   244       L1    32  0.86",-2.8891,-0,-27.9728,0,1.2075,0.3134,4.4093,0.433
,58,ZINC000004026295_2|INPUT|sdf|58|dock9,false,false,false,255 255 255 255,false,,,,,,,HMDB06769,ZINC000004026295,foodb,foodb,__prop-06|dock25__prop-01|dock20 (Edit #2),0.766,0.34,0.426,0.431,0.57,1.001,0.618,0.627,1.245,0.567,0.908,-5.672,616.463,58,5.4.0,6vw1-v1|6vw1-1-moe|mol2,21.1566,-31.5474,-5.48,2.6605,0,188.096,0,10.373,0.0178,1.8852,0.0001,"donor molecule, donor type, donor heavy atom, donor atom, acceptor molecule, acceptor atom, score
      L1  H    21    49       P1   251  0.97
      L1  H    22    50       P1   301  0.97
      P1  H   243   244       L1    20  0.72",-8.8862,-0,-22.0073,0,10.373,0.0178,4.8261,0.0001
,59,ZINC000012494712_40|INPUT|sdf|59|dock9,false,false,false,255 255 255 255,false,,,,,,,HMDB06838,ZINC000012494712,foodb,foodb,__prop-06|dock25__prop-01|dock20 (Edit #2),0.765,0.481,0.285,0.608,0.403,1.011,0.697,0.492,1.189,0.399,0.88,-3.988,877.356,59,5.4.0,6vw1-v1|6vw1-1-moe|mol2,27.577,-36.2779,-5.48,0.8123,0,263.086,0,7.3795,1.3215,1.0532,0.0196,"donor molecule, donor type, donor heavy atom, donor atom, acceptor molecule, acceptor atom, score
      P1  H   259   260       L1    29  0.81",-2.7131,-0,-30.781,0,7.3795,1.3215,2.6962,0.0196
,60,ZINC000040165258_10|INPUT|sdf|60|dock10,false,false,false,255 255 255 255,false,,,,,,,HMDB10359,ZINC000040165258,foodb,foodb,__prop-06|dock25__prop-01|dock20 (Edit #2),0.764,0.587,0.177,0.744,0.405,1.149,0.735,0.239,0.974,0.421,1.008,-4.208,1082.51,60,5.4.0,6vw1-v1|6vw1-1-moe|mol2,17.6138,-30.9285,-5.48,2.7851,0,241.366,0,11.5794,1.7352,4.7241,0.0049,"donor molecule, donor type, donor heavy atom, donor atom, acceptor molecule, acceptor atom, score
      L1  H    28    69       P1 10631  0.75
      L1  H    29    70       P1 12000  0.99
      P1  H 10598 10601       L1    26  0.99
      P1  H 12027 12028       L1    29  0.06",-9.3023,-0,-28.2398,0,11.5794,1.7352,12.0936,0.0049
,61,ZINC000030729638_15|INPUT|sdf|61|dock8,false,false,false,255 255 255 255,false,,,,,,,HMDB06845,ZINC000030729638,foodb,foodb,__prop-06|dock25__prop-01|dock20 (Edit #2),0.764,0.514,0.249,0.644,0.399,1.043,0.719,0.399,1.118,0.399,0.914,-3.992,930.014,61,5.4.0,6vw1-v1|6vw1-1-moe|mol2,27.7691,-45.1588,-5.48,1.7978,0,320.329,0,13.2811,4.1086,1.486,0.0236,"donor molecule, donor type, donor heavy atom, donor atom, acceptor molecule, acceptor atom, score
      L1  H    30    78       P1  5817  1.00
      P1  H 12162 12163       L1    30  0.80",-6.0045,-0,-37.4784,0,13.2811,4.1086,3.8042,0.0236
,62,ZINC000040164454_1|INPUT|sdf|62|dock2,false,false,false,255 255 255 255,false,,,,,,,HMDB04309,ZINC000040164454,foodb,foodb,__prop-06|dock25__prop-01|dock20 (Edit #2),0.762,0.578,0.184,0.779,0.379,1.158,0.692,0.263,0.955,0.389,0.967,-3.886,1139.89,62,5.4.0,6vw1-v1|6vw1-1-moe|mol2,14.3154,-14.7424,-5.48,3.7327,0,63.5124,0,0.0208,0.4062,4.1546,1.8443,"donor molecule, donor type, donor heavy atom, donor atom, acceptor molecule, acceptor atom, score
      L1  H    35    85       P1 10631  1.00
      P1  H 10598 10600       L1    35  0.86
      P1  H 12162 12163       L1    32  0.95
      P1  H  5942  5944       L1    33  0.93",-12.4672,-0,-7.4309,0,0.0208,0.4062,10.6358,1.8443
,63,ZINC000004095861_6|INPUT|sdf|63|dock5,false,false,false,255 255 255 255,false,,,,,,,HMDB01492,ZINC000004095861,foodb,foodb,__prop-06|dock25__prop-01|dock20 (Edit #2),0.761,0.509,0.252,0.631,0.366,0.998,0.724,0.448,1.172,0.363,0.871,-3.627,910.552,63,5.4.0,6vw1-v1|6vw1-1-moe|mol2,32.9513,-40.9392,-5.48,1.6384,0,296.49,0,7.5821,0.4058,1.8368,0.272,"donor molecule, donor type, donor heavy atom, donor atom, acceptor molecule, acceptor atom, score
      L1  H    30    78       P1 12000  0.98
      P1  H 10598 10601       L1    29  0.62
      P1  H  5302  5305       L1    30  0.04",-5.4722,-0,-34.6894,0,7.5821,0.4058,4.7023,0.272
,64,ZINC000012493505_7|INPUT|sdf|64|dock4,false,false,false,255 255 255 255,false,,,,,,,HMDB00268,ZINC000012493505,foodb,foodb,__prop-06|dock25__prop-01|dock20 (Edit #2),0.761,0.541,0.219,0.623,0.376,0.999,0.805,0.345,1.15,0.378,0.919,-3.778,893.681,64,5.4.0,6vw1-v1|6vw1-1-moe|mol2,18.601,-31.7152,-5.48,2.1785,0,223.091,0,12.8309,0.2832,2.7901,0.0011,"donor molecule, donor type, donor heavy atom, donor atom, acceptor molecule, acceptor atom, score
      L1  H    23    57       P1 12000  0.81
      L1  H    25    59       P1  5837  0.98
      P1  H 12027 12028       L1    23  0.39",-7.2762,-0,-26.1016,0,12.8309,0.2832,7.1427,0.0011
,65,ZINC000012496608_42|INPUT|sdf|65|dock2,false,false,false,255 255 255 255,false,,,,,,,HMDB05796,ZINC000012496608,foodb,foodb,__prop-06|dock25__prop-01|dock20 (Edit #2),0.76,0.566,0.194,0.618,0.383,1.001,0.869,0.283,1.152,0.391,0.956,-3.905,884.379,65,5.4.0,6vw1-v1|6vw1-1-moe|mol2,19.0543,-29.1627,-5.48,3.7963,0,182.381,0,9.3581,0.7503,4.0373,0.5722,"donor molecule, donor type, donor heavy atom, donor atom, acceptor molecule, acceptor atom, score
      L1  H    20    47       P1   301  0.91
      L1  H    22    49       P1   301  0.93
      P1  H 10598 10600       L1    21  0.67
      P1  H 10598 10601       L1    23  0.36
      P1  H  5302  5305       L1    17  0.93",-12.6797,-0,-21.3386,0,9.3581,0.7503,10.3356,0.5722
,66,ZINC000118913631_2|INPUT|sdf|66|dock9,false,false,false,255 255 255 255,false,,,,,,,HMDB06753,ZINC000118913631,foodb,foodb,__prop-06|dock25__prop-01|dock20 (Edit #2),0.76,0.545,0.214,0.638,0.385,1.023,0.79,0.326,1.116,0.388,0.934,-3.884,917.552,66,5.4.0,6vw1-v1|6vw1-1-moe|mol2,22.0754,-32.2277,-5.48,3.5039,0,204.312,0,8.8196,1.3326,3.4609,0.3686,"donor molecule, donor type, donor heavy atom, donor atom, acceptor molecule, acceptor atom, score
      L1  H    24    56       P1 12000  1.00
      L1  H    26    58       P1  5837  0.65
      P1  H 11357 11358       L1    24  0.97
      P1  H 10598 10601       L1    25  0.01
      P1  H 12162 12163       L1    22  0.87",-11.703,-0,-23.9045,0,8.8196,1.3326,8.8598,0.3686
,67,ZINC000004095859_28|INPUT|sdf|67|dock8,false,false,false,255 255 255 255,false,,,,,,,HMDB01492,ZINC000004095859,foodb,foodb,__prop-06|dock25__prop-01|dock20 (Edit #2),0.76,0.363,0.397,0.498,0.516,1.015,0.572,0.631,1.203,0.511,0.874,-5.113,718.898,67,5.4.0,6vw1-v1|6vw1-1-moe|mol2,26.4136,-32.9802,-5.48,0.9805,0,247.244,0,5.9903,0.5764,1.8368,0.2313,"donor molecule, donor type, donor heavy atom, donor atom, acceptor molecule, acceptor atom, score
      L1  H    30    78       P1 10620  0.98",-3.275,-0,-28.9276,0,5.9903,0.5764,4.7023,0.2313
,68,ZINC000012493563_2|INPUT|sdf|68|dock3,false,false,false,255 255 255 255,false,,,,,,,HMDB00324,ZINC000012493563,foodb,foodb,__prop-06|dock25__prop-01|dock20 (Edit #2),0.758,0.472,0.286,0.545,0.404,0.949,0.779,0.494,1.273,0.4,0.872,-4,778.655,68,5.4.0,6vw1-v1|6vw1-1-moe|mol2,21.4611,-31.9358,-5.48,2.0235,0,202.085,0,10.4746,0,1.5417,0,"donor molecule, donor type, donor heavy atom, donor atom, acceptor molecule, acceptor atom, score
      P1  H 10598 10599       L1    20  0.14
      P1  H 12162 12163       L1    20  0.92
      P1  H 12027 12028       L1    22  0.96",-6.7584,-0,-23.644,0,10.4746,0,3.9467,0
,69,ZINC000012493563_2|INPUT|sdf|69|dock7,false,false,false,255 255 255 255,false,,,,,,,HMDB00388,ZINC000012493563,foodb,foodb,__prop-06|dock25__prop-01|dock20 (Edit #2),0.758,0.472,0.286,0.545,0.404,0.949,0.779,0.494,1.273,0.4,0.872,-4,778.655,69,5.4.0,6vw1-v1|6vw1-1-moe|mol2,23.3143,-23.8478,-5.48,2.6955,0,113.774,0,0.5335,0,1.5417,0,"donor molecule, donor type, donor heavy atom, donor atom, acceptor molecule, acceptor atom, score
      L1  H    21    49       P1  5837  0.94
      L1  H    22    50       P1 10632  0.99
      P1  H  5942  5944       L1    21  0.77",-9.0029,-0,-13.3116,0,0.5335,0,3.9467,0
,70,ZINC000008215926_5|INPUT|sdf|70|dock9,false,false,false,255 255 255 255,false,,,,,,,HMDB01381,ZINC000008215926,foodb,foodb,__prop-06|dock25__prop-01|dock20 (Edit #2),0.758,0.597,0.161,0.651,0.29,0.941,0.877,0.266,1.143,0.291,0.888,-2.915,932.863,70,5.4.0,6vw1-v1|6vw1-1-moe|mol2,27.6672,-28.8852,-5.48,3.582,0,187.799,0,0.2698,0.9482,4.1138,0.1032,"donor molecule, donor type, donor heavy atom, donor atom, acceptor molecule, acceptor atom, score
      L1  H    24    56       P1 10631  1.00
      L1  H    25    57       P1 11357  0.78
      P1  H 10598 10599       L1    25  0.82
      P1  H 10598 10601       L1    21  0.98",-11.964,-0,-21.9725,0,0.2698,0.9482,10.5313,0.1032
,71,ZINC000012494858_45|INPUT|sdf|71|dock2,false,false,false,255 255 255 255,false,,,,,,,HMDB01093,ZINC000012494858,foodb,foodb,__prop-06|dock25__prop-01|dock20 (Edit #2),0.756,0.473,0.283,0.593,0.401,0.994,0.7,0.49,1.19,0.397,0.87,-3.965,854.616,71,5.4.0,6vw1-v1|6vw1-1-moe|mol2,23.8068,-34.7601,-5.48,0.9607,0,245.941,0,9.4824,1.4709,1.0562,0.3152,"donor molecule, donor type, donor heavy atom, donor atom, acceptor molecule, acceptor atom, score
      P1  H 12027 12028       L1    28  0.96",-3.2089,-0,-28.7751,0,9.4824,1.4709,2.7039,0.3152
,72,ZINC000013548872_37|INPUT|sdf|72|dock7,false,false,false,255 255 255 255,false,,,,,,,HMDB06851,ZINC000013548872,foodb,foodb,__prop-06|dock25__prop-01|dock20 (Edit #2),0.755,0.51,0.246,0.638,0.395,1.033,0.717,0.395,1.111,0.395,0.904,-3.945,922.099,72,5.4.0,6vw1-v1|6vw1-1-moe|mol2,25.636,-42.3819,-5.48,1.5329,0,304.225,0,16.731,0.015,1.4891,0.0504,"donor molecule, donor type, donor heavy atom, donor atom, acceptor molecule, acceptor atom, score
      L1  H    30    78       P1   251  1.00
      P1  H 11992 11993       L1    30  0.54",-5.1197,-0,-35.5943,0,16.731,0.015,3.8121,0.0504
,73,ZINC000064220346_8|INPUT|sdf|73|dock7,false,false,false,255 255 255 255,false,,,,,,,HMDB00878,ZINC000064220346,foodb,foodb,__prop-06|dock25__prop-01|dock20 (Edit #2),0.755,0.499,0.256,0.623,0.39,1.013,0.714,0.428,1.143,0.388,0.886,-3.876,899.139,73,5.4.0,6vw1-v1|6vw1-1-moe|mol2,20.8891,-36.4643,-5.48,0.9471,0,269.708,0,14.8675,0.7077,1.4588,0.0181,"donor molecule, donor type, donor heavy atom, donor atom, acceptor molecule, acceptor atom, score
      L1  H    29    73       P1 12000  0.95",-3.1632,-0,-31.5558,0,14.8675,0.7077,3.7347,0.0181
,74,ZINC000012495022_25|INPUT|sdf|74|dock2,false,false,false,255 255 255 255,false,,,,,,,HMDB01244,ZINC000012495022,foodb,foodb,__prop-06|dock25__prop-01|dock20 (Edit #2),0.754,0.488,0.267,0.558,0.402,0.96,0.795,0.442,1.237,0.4,0.888,-4.001,797.699,74,5.4.0,6vw1-v1|6vw1-1-moe|mol2,24.9561,-26.4007,-5.48,3.8749,0,151.075,0,0.693,0.7516,3.788,0.3096,"donor molecule, donor type, donor heavy atom, donor atom, acceptor molecule, acceptor atom, score
      L1  H    24    54       P1 12000  0.99
      P1  H 10598 10599       L1    21  0.70
      P1  H   243   244       L1    22  0.98
      P1  H 12027 12028       L1    23  0.39
      P1  H  5302  5305       L1    23  0.81",-12.9423,-0,-17.6758,0,0.693,0.7516,9.6973,0.3096
,75,ZINC000030729643_18|INPUT|sdf|75|dock7,false,false,false,255 255 255 255,false,,,,,,,HMDB06847,ZINC000030729643,foodb,foodb,__prop-06|dock25__prop-01|dock20 (Edit #2),0.754,0.506,0.248,0.627,0.398,1.025,0.723,0.398,1.121,0.398,0.904,-3.976,904.896,75,5.4.0,6vw1-v1|6vw1-1-moe|mol2,22.9405,-28.2872,-5.48,0.0236,0,226.855,0,4.8342,0.5125,1.4897,0.022,"donor molecule, donor type, donor heavy atom, donor atom, acceptor molecule, acceptor atom, score
      P1  H   243   244       L1    29  0.02",-0.0787,-0,-26.542,0,4.8342,0.5125,3.8136,0.022
,76,ZINC000012494068_20|INPUT|sdf|76|dock2,false,false,false,255 255 255 255,false,,,,,,,HMDB00541,ZINC000012494068,foodb,foodb,__prop-06|dock25__prop-01|dock20 (Edit #2),0.752,0.468,0.284,0.6,0.402,1.003,0.68,0.492,1.172,0.398,0.866,-3.983,866.626,76,5.4.0,6vw1-v1|6vw1-1-moe|mol2,20.432,-38.3769,-5.48,2.4072,0,249.283,0,15.6041,2.3408,1.6833,0.0583,"donor molecule, donor type, donor heavy atom, donor atom, acceptor molecule, acceptor atom, score
      P1  H 10598 10599       L1    27  0.67
      P1  H   243   244       L1    26  0.79
      P1  H 11992 11993       L1    28  0.54
      P1  H 12004 12005       L1    28  0.41",-8.0401,-0,-29.1661,0,15.6041,2.3408,4.3093,0.0583
,77,ZINC000004099004_41|INPUT|sdf|77|dock3,false,false,false,255 255 255 255,false,,,,,,,HMDB04483,ZINC000004099004,foodb,foodb,__prop-06|dock25__prop-01|dock20 (Edit #2),0.752,0.539,0.213,0.702,0.459,1.161,0.699,0.285,0.984,0.475,1.013,-4.746,1020.29,77,5.4.0,6vw1-v1|6vw1-1-moe|mol2,14.3271,-25.3605,-5.48,3.5183,0,161.869,0,10.6082,0.4253,4.2223,0.0119,"donor molecule, donor type, donor heavy atom, donor atom, acceptor molecule, acceptor atom, score
      L1  H    28    59       P1   251  0.44
      P1  H 11357 11358       L1    26  0.94
      P1  H   243   244       L1    25  0.96
      P1  H 12027 12028       L1    30  0.38
      P1  H  5302  5305       L1    29  0.79",-11.7511,-0,-18.9387,0,10.6082,0.4253,10.8092,0.0119
,78,ZINC000150374458_8|INPUT|sdf|78|dock8,false,false,false,255 255 255 255,false,,,,,,,HMDB10317,ZINC000150374458,foodb,foodb,__prop-06|dock25__prop-01|dock20 (Edit #2),0.751,0.59,0.161,0.742,0.373,1.115,0.743,0.221,0.963,0.388,0.978,-3.882,1077.53,78,5.4.0,6vw1-v1|6vw1-1-moe|mol2,15.9164,-34.6307,-5.48,3.0877,0,266.186,0,17.7653,0.949,4.8071,0.1021,"donor molecule, donor type, donor heavy atom, donor atom, acceptor molecule, acceptor atom, score
      L1  H    27    60       P1   314  0.61
      L1  H    31    64       P1   301  0.99
      P1  H 10598 10601       L1    25  0.97
      P1  H  5942  5944       L1    29  0.52",-10.313,-0,-31.1438,0,17.7653,0.949,12.306,0.1021
,79,ZINC000003831329_40|INPUT|sdf|79|dock10,false,false,false,255 255 255 255,false,,,,,,,HMDB03555,ZINC000003831329,foodb,foodb,__prop-06|dock25__prop-01|dock20 (Edit #2),0.751,0.476,0.275,0.63,0.392,1.022,0.661,0.479,1.14,0.388,0.864,-3.879,912.917,79,5.4.0,6vw1-v1|6vw1-1-moe|mol2,30.3591,-34.8234,-5.48,1.5827,0,241.877,0,2.5092,1.9551,1.6572,0.3431,"donor molecule, donor type, donor heavy atom, donor atom, acceptor molecule, acceptor atom, score
      P1  H 12162 12163       L1    33  0.79
      P1  H  5942  5944       L1    33  0.79",-5.2864,-0,-28.2996,0,2.5092,1.9551,4.2425,0.3431
,80,ZINC000261495155_6|INPUT|sdf|80|dock1,false,false,false,255 255 255 255,false,,,,,,,HMDB00949,ZINC000261495155,foodb,foodb,__prop-06|dock25__prop-01|dock20 (Edit #2),0.751,0.476,0.275,0.584,0.488,1.072,0.721,0.386,1.107,0.496,0.972,-4.957,838.97,80,5.4.0,6vw1-v1|6vw1-1-moe|mol2,20.9429,-22.2878,-5.48,3.7408,0,111.461,0,1.3208,0.0241,3.4091,1.2765,"donor molecule, donor type, donor heavy atom, donor atom, acceptor molecule, acceptor atom, score
      L1  H    25    59       P1 10620  0.18
      L1  H    26    60       P1 10620  1.00
      P1  H 10598 10600       L1    22  1.00
      P1  H  5942  5943       L1    23  0.79
      P1  H  5942  5944       L1    24  0.78",-12.4942,-0,-13.0409,0,1.3208,0.0241,8.7273,1.2765
,81,ZINC000031415836_9|INPUT|sdf|81|dock10,false,false,false,255 255 255 255,false,,,,,,,HMDB10315,ZINC000031415836,foodb,foodb,__prop-06|dock25__prop-01|dock20 (Edit #2),0.751,0.553,0.198,0.731,0.445,1.176,0.693,0.263,0.957,0.463,1.016,-4.63,1065.5,81,5.4.0,6vw1-v1|6vw1-1-moe|mol2,14.1599,-16.366,-5.48,4.1993,0,66.6623,0,1.6765,0.5295,4.2731,0.1807,"donor molecule, donor type, donor heavy atom, donor atom, acceptor molecule, acceptor atom, score
      L1  H    30    65       P1   301  0.91
      L1  H    31    66       P1   301  0.55
      L1  H    32    67       P1   301  0.93
      P1  H 10598 10600       L1    26  0.97
      P1  H 10598 10601       L1    28  0.84",-14.0256,-0,-7.7995,0,1.6765,0.5295,10.9391,0.1807
,82,ZINC000008034993_39|INPUT|sdf|82|dock4,false,false,false,255 255 255 255,false,,,,,,,HMDB02088,ZINC000008034993,foodb,foodb,__prop-06|dock25__prop-01|dock20 (Edit #2),0.75,0.404,0.346,0.472,0.396,0.868,0.738,0.735,1.472,0.386,0.79,-3.857,672.766,82,5.4.0,6vw1-v1|6vw1-1-moe|mol2,26.801,-27.5447,-5.48,1.9412,0,208.4,0,0.2784,0.4653,3.4381,0.2308,"donor molecule, donor type, donor heavy atom, donor atom, acceptor molecule, acceptor atom, score
      P1  H   259   260       L1    23  0.99
      P1  H   243   244       L1    22  0.95",-6.4835,-0,-24.3828,0,0.2784,0.4653,8.8016,0.2308
,83,ZINC000004099144_34|INPUT|sdf|83|dock9,false,false,false,255 255 255 255,false,,,,,,,HMDB06928,ZINC000004099144,foodb,foodb,__prop-06|dock25__prop-01|dock20 (Edit #2),0.75,0.501,0.249,0.635,0.399,1.034,0.704,0.399,1.103,0.399,0.9,-3.985,917.621,83,5.4.0,6vw1-v1|6vw1-1-moe|mol2,24.3424,-37.2003,-5.48,0,0,303.681,0,10.2471,2.6108,1.4884,0.0313,,-0,-0,-35.5306,0,10.2471,2.6108,3.8103,0.0313
,84,ZINC000003824120_10|INPUT|sdf|84|dock8,false,false,false,255 255 255 255,false,,,,,,,HMDB01286,ZINC000003824120,foodb,foodb,__prop-06|dock25__prop-01|dock20 (Edit #2),0.749,0.501,0.248,0.633,0.397,1.031,0.706,0.397,1.103,0.397,0.898,-3.972,915.003,84,5.4.0,6vw1-v1|6vw1-1-moe|mol2,23.0066,-32.4247,-5.48,0,0,262.069,0,8.8369,0.5813,1.4521,0.2217,,-0,-0,-30.6621,0,8.8369,0.5813,3.7174,0.2217
,85,ZINC000004099002_14|INPUT|sdf|85|dock7,false,false,false,255 255 255 255,false,,,,,,,HMDB06765,ZINC000004099002,foodb,foodb,__prop-06|dock25__prop-01|dock20 (Edit #2),0.748,0.531,0.217,0.713,0.496,1.208,0.675,0.279,0.955,0.518,1.049,-5.179,1039.05,85,5.4.0,6vw1-v1|6vw1-1-moe|mol2,19.2496,-35.2689,-5.48,3.788,0,257.808,0,14.1401,1.8793,5.0885,0.0052,"donor molecule, donor type, donor heavy atom, donor atom, acceptor molecule, acceptor atom, score
      L1  H    29    65       P1 12000  0.81
      L1  H    31    67       P1 10631  1.00
      L1  H    32    68       P1 10631  0.98
      P1  H 12162 12163       L1    26  1.00",-12.652,-0,-30.1636,0,14.1401,1.8793,13.0266,0.0052
,86,ZINC000003920027_20|INPUT|sdf|86|dock10,false,false,false,255 255 255 255,false,,,,,,,HMDB05036,ZINC000003920027,foodb,foodb,__prop-06|dock25__prop-01|dock20 (Edit #2),0.747,0.381,0.367,0.565,0.512,1.077,0.539,0.563,1.102,0.51,0.89,-5.098,822.403,86,5.4.0,6vw1-v1|6vw1-1-moe|mol2,15.6219,-17.8493,-5.48,1.8217,0,104.745,0,0.3875,1.84,2.3321,4.426,"donor molecule, donor type, donor heavy atom, donor atom, acceptor molecule, acceptor atom, score
      P1  H 12162 12163       L1    28  0.99
      P1  H   243   244       L1    29  0.83",-6.0844,-0,-12.2552,0,0.3875,1.84,5.9703,4.426
,87,ZINC000004096711_7|INPUT|sdf|87|dock9,false,false,false,255 255 255 255,false,,,,,,,HMDB06842,ZINC000004096711,foodb,foodb,__prop-06|dock25__prop-01|dock20 (Edit #2),0.747,0.482,0.265,0.599,0.4,0.999,0.712,0.44,1.152,0.398,0.88,-3.98,862.655,87,5.4.0,6vw1-v1|6vw1-1-moe|mol2,22.5711,-23.2097,-5.48,0.9486,0,156.352,0,0.1678,0.4708,1.4578,0.0088,"donor molecule, donor type, donor heavy atom, donor atom, acceptor molecule, acceptor atom, score
      L1  H    28    72       P1   258  0.95",-3.1684,-0,-18.2932,0,0.1678,0.4708,3.7319,0.0088
,88,ZINC000100060554_3|INPUT|sdf|88|dock8,false,false,false,255 255 255 255,false,,,,,,,HMDB00921,ZINC000100060554,foodb,foodb,__prop-06|dock25__prop-01|dock20 (Edit #2),0.747,0.466,0.281,0.585,0.399,0.984,0.696,0.488,1.183,0.395,0.861,-3.95,842.447,88,5.4.0,6vw1-v1|6vw1-1-moe|mol2,22.5642,-30.0911,-5.48,0,0,233.826,0,4.9526,2.5742,1.0729,0.0175,,-0,-0,-27.3576,0,4.9526,2.5742,2.7465,0.0175
,89,ZINC000261497817_28|INPUT|sdf|89|dock10,false,false,false,255 255 255 255,false,,,,,,,HMDB00722,ZINC000261497817,foodb,foodb,__prop-06|dock25__prop-01|dock20 (Edit #2),0.746,0.546,0.2,0.695,0.377,1.072,0.718,0.298,1.016,0.383,0.929,-3.829,1008.11,89,5.4.0,6vw1-v1|6vw1-1-moe|mol2,19.2345,-31.7736,-5.48,2.5442,0,237.923,0,10.8722,1.6669,3.9223,0.0992,"donor molecule, donor type, donor heavy atom, donor atom, acceptor molecule, acceptor atom, score
      L1  H    32    78       P1   277  0.96
      P1  H 11992 11993       L1    28  0.87
      P1  H 12004 12005       L1    29  0.71",-8.4976,-0,-27.837,0,10.8722,1.6669,10.041,0.0992
,90,ZINC000030729704_30|INPUT|sdf|90|dock9,false,false,false,255 255 255 255,false,,,,,,,HMDB06852,ZINC000030729704,foodb,foodb,__prop-06|dock25__prop-01|dock20 (Edit #2),0.745,0.508,0.238,0.639,0.384,1.023,0.712,0.384,1.096,0.384,0.892,-3.839,923.368,90,5.4.0,6vw1-v1|6vw1-1-moe|mol2,23.1622,-32.9123,-5.48,0.9433,0,240.176,0,8.5672,1.183,1.4918,0.0241,"donor molecule, donor type, donor heavy atom, donor atom, acceptor molecule, acceptor atom, score
      P1  H 12027 12028       L1    30  0.94",-3.1507,-0,-28.1005,0,8.5672,1.183,3.8189,0.0241
,91,ZINC000261496328_30|INPUT|sdf|91|dock2,false,false,false,255 255 255 255,false,,,,,,,HMDB06892,ZINC000261496328,foodb,foodb,__prop-06|dock25__prop-01|dock20 (Edit #2),0.745,0.52,0.225,0.638,0.367,1.005,0.738,0.367,1.105,0.367,0.887,-3.673,920.109,91,5.4.0,6vw1-v1|6vw1-1-moe|mol2,23.4379,-24.9973,-5.48,0,0,201.209,0,1.4717,0.0877,1.5719,0.0208,,-0,-0,-23.5415,0,1.4717,0.0877,4.0242,0.0208
,92,ZINC000000039092_17|INPUT|sdf|92|dock7,false,false,false,255 255 255 255,false,,,,,,,HMDB05782,ZINC000000039092,foodb,foodb,__prop-06|dock25__prop-01|dock20 (Edit #2),0.745,0.521,0.223,0.591,0.398,0.989,0.815,0.338,1.153,0.402,0.923,-4.017,845.752,92,5.4.0,6vw1-v1|6vw1-1-moe|mol2,19.567,-19.6724,-5.48,3.9126,0,72.9201,0,0.0204,0.085,2.8935,0.0416,"donor molecule, donor type, donor heavy atom, donor atom, acceptor molecule, acceptor atom, score
      L1  H    19    34       P1 10631  1.00
      L1  H    20    35       P1 10620  0.38
      L1  H    21    36       P1  5817  1.00
      P1  H 12162 12163       L1    21  0.87
      P1  H  5942  5944       L1    17  0.66",-13.0681,-0,-8.5316,0,0.0204,0.085,7.4073,0.0416
,93,ZINC000040164547_9|INPUT|sdf|93|dock3,false,false,false,255 255 255 255,false,,,,,,,HMDB06849,ZINC000040164547,foodb,foodb,__prop-06|dock25__prop-01|dock20 (Edit #2),0.744,0.499,0.245,0.622,0.394,1.016,0.716,0.394,1.11,0.394,0.893,-3.942,897.226,93,5.4.0,6vw1-v1|6vw1-1-moe|mol2,23.6427,-40.1178,-5.48,0,0,328.644,0,15.8219,0.6533,1.4897,0.0235,,-0,-0,-38.4514,0,15.8219,0.6533,3.8136,0.0235
,94,ZINC000012494524_5|INPUT|sdf|94|dock5,false,false,false,255 255 255 255,false,,,,,,,HMDB00903,ZINC000012494524,foodb,foodb,__prop-06|dock25__prop-01|dock20 (Edit #2),0.744,0.567,0.177,0.656,0.327,0.983,0.808,0.278,1.086,0.331,0.898,-3.306,942.836,94,5.4.0,6vw1-v1|6vw1-1-moe|mol2,18.072,-28.5601,-5.48,1.6503,0,212.894,0,9.395,1.0931,2.8674,0.016,"donor molecule, donor type, donor heavy atom, donor atom, acceptor molecule, acceptor atom, score
      P1  H 12027 12028       L1    24  0.99
      P1  H  5942  5944       L1    23  0.66",-5.5121,-0,-24.9086,0,9.395,1.0931,7.3406,0.016
,95,ZINC000000897138_45|INPUT|sdf|95|dock2,false,false,false,255 255 255 255,false,,,,,,,HMDB01495,ZINC000000897138,foodb,foodb,__prop-06|dock25__prop-01|dock20 (Edit #2),0.743,0.352,0.392,0.433,0.686,1.12,0.651,0.477,1.128,0.704,1.055,-7.035,618.339,95,5.4.0,6vw1-v1|6vw1-1-moe|mol2,25.4256,-26.3162,-5.48,5.0375,0,108.625,0,0.7173,0.1733,3.3978,0.008,"donor molecule, donor type, donor heavy atom, donor atom, acceptor molecule, acceptor atom, score
      L1  H    17    33       P1   258  0.81
      L1  H    19    34       P1 12000  0.99
      L1  H    20    35       P1 12000  0.97
      P1  H 11357 11358       L1    20  0.94
      P1  H 10598 10601       L1    18  0.93
      P1  H 12027 12028       L1    19  0.41",-16.8254,-0,-12.7091,0,0.7173,0.1733,8.6983,0.008
,96,ZINC000001651126_19|INPUT|sdf|96|dock1,false,false,false,255 255 255 255,false,,,,,,,HMDB02114,ZINC000001651126,foodb,foodb,__prop-06|dock25__prop-01|dock20 (Edit #2),0.742,0.396,0.346,0.488,0.491,0.979,0.677,0.54,1.217,0.489,0.884,-4.886,698.048,96,5.4.0,6vw1-v1|6vw1-1-moe|mol2,26.6338,-27.7711,-5.48,2.8672,0,156.397,0,0.586,0.5513,2.1811,0.1483,"donor molecule, donor type, donor heavy atom, donor atom, acceptor molecule, acceptor atom, score
      L1  H    23    39       P1 12000  0.99
      P1  H 10598 10601       L1    20  0.91
      P1  H 12162 12163       L1    21  0.94
      P1  H 12027 12028       L1    23  0.01
      P1  H  5302  5305       L1    23  0.02",-9.5765,-0,-18.2984,0,0.586,0.5513,5.5837,0.1483
,97,ZINC000004095825_44|INPUT|sdf|97|dock10,false,false,false,255 255 255 255,false,,,,,,,HMDB01452,ZINC000004095825,foodb,foodb,__prop-06|dock25__prop-01|dock20 (Edit #2),0.742,0.595,0.147,0.649,0.29,0.938,0.878,0.229,1.107,0.294,0.889,-2.941,929.005,97,5.4.0,6vw1-v1|6vw1-1-moe|mol2,27.3328,-29.2116,-5.48,4.4191,0,173.132,0,0.317,1.5618,4.4082,0.1963,"donor molecule, donor type, donor heavy atom, donor atom, acceptor molecule, acceptor atom, score
      L1  H    24    56       P1 10631  0.98
      L1  H    25    57       P1   301  0.62
      P1  H 10598 10599       L1    21  1.00
      P1  H 12162 12163       L1    22  0.86
      P1  H  5942  5944       L1    23  0.96",-14.76,-0,-20.2565,0,0.317,1.5618,11.2849,0.1963
,98,ZINC000012493586_8|INPUT|sdf|98|dock2,false,false,false,255 255 255 255,false,,,,,,,HMDB00332,ZINC000012493586,foodb,foodb,__prop-06|dock25__prop-01|dock20 (Edit #2),0.742,0.531,0.211,0.641,0.395,1.036,0.755,0.312,1.067,0.401,0.932,-4.01,923.209,98,5.4.0,6vw1-v1|6vw1-1-moe|mol2,18.6429,-28.1987,-5.48,3.2482,0,179.798,0,9.4116,0.1442,3.5808,0.0277,"donor molecule, donor type, donor heavy atom, donor atom, acceptor molecule, acceptor atom, score
      L1  H    25    53       P1   301  0.62
      L1  H    27    55       P1  5837  0.83
      P1  H 12162 12163       L1    23  0.83
      P1  H 12027 12028       L1    22  0.98",-10.8491,-0,-21.0364,0,9.4116,0.1442,9.1668,0.0277
,99,ZINC000004026293_0|INPUT|sdf|99|dock8,false,false,false,255 255 255 255,false,,,,,,,HMDB06769,ZINC000004026293,foodb,foodb,__prop-06|dock25__prop-01|dock20 (Edit #2),0.742,0.294,0.447,0.386,0.59,0.976,0.553,0.649,1.202,0.587,0.881,-5.87,552.309,99,5.4.0,6vw1-v1|6vw1-1-moe|mol2,21.6795,-35.7914,-5.48,2.3559,0,233.067,0,14.1101,0.0018,1.8852,0.0019,"donor molecule, donor type, donor heavy atom, donor atom, acceptor molecule, acceptor atom, score
      L1  H    21    49       P1   301  0.38
      L1  H    22    50       P1 12000  1.00
      P1  H 11357 11358       L1    22  0.98",-7.8686,-0,-27.2689,0,14.1101,0.0018,4.8261,0.0019
,100,ZINC000257348567_5|INPUT|sdf|100|dock10,false,false,false,255 255 255 255,false,,,,,,,HMDB06760,ZINC000257348567,foodb,foodb,__prop-06|dock25__prop-01|dock20 (Edit #2),0.741,0.529,0.212,0.627,0.396,1.024,0.772,0.313,1.085,0.402,0.932,-4.024,902.168,100,5.4.0,6vw1-v1|6vw1-1-moe|mol2,17.2662,-39.1465,-5.48,4.4098,0,236.722,0,20.7537,1.1266,3.4214,0.0053,"donor molecule, donor type, donor heavy atom, donor atom, acceptor molecule, acceptor atom, score
      L1  H    23    55       P1   301  0.99
      L1  H    24    56       P1   251  0.49
      L1  H    26    58       P1 12000  0.99
      P1  H 12027 12028       L1    25  0.96
      P1  H  5302  5305       L1    22  0.98",-14.7289,-0,-27.6965,0,20.7537,1.1266,8.7589,0.0053
,101,ZINC000004096802_5|INPUT|sdf|101|dock5,false,false,false,255 255 255 255,false,,,,,,,HMDB06760,ZINC000004096802,foodb,foodb,__prop-06|dock25__prop-01|dock20 (Edit #2),0.741,0.529,0.212,0.627,0.396,1.024,0.772,0.313,1.085,0.402,0.932,-4.024,902.168,101,5.4.0,6vw1-v1|6vw1-1-moe|mol2,18.2833,-39.4736,-5.48,4.4166,0,239.325,0,19.9931,1.1971,3.4214,0.0053,"donor molecule, donor type, donor heavy atom, donor atom, acceptor molecule, acceptor atom, score
      L1  H    23    55       P1   301  1.00
      L1  H    24    56       P1   251  0.55
      L1  H    26    58       P1 12000  0.99
      P1  H 12027 12028       L1    25  0.90
      P1  H  5302  5305       L1    22  0.97",-14.7515,-0,-28.001,0,19.9931,1.1971,8.7589,0.0053
